,game,gameclass
0,,"('value', 'b')"
1,  ALL NEW GAMES THAT JUST CAME OUT,"('value', 'g')"
2,  CALL OF DUTY 4,"('value', 'a')"
3,  DANCE DANCE REVOLUTION,"('value', 'b')"
4,  DUNGEONS AND DRAGONS,"('value', 'b')"
5,  GATE  HILLCON,"('value', 'c')"
6,  GUITAR HERO,"('value', 'b')"
7,  I THINK IT'S CALLED THEATER TYCOON,"('value', 'b')"
8,  KARAOKE,"('value', 'b')"
9,  MADDEN,"('value', 'a')"
10,  MORTAL KOMBAT,"('value', 'a')"
11,  NARUTO ,"('value', 'a')"
12,  NASCAR FOR THE CUP,"('value', 'b')"
13,  SONIC THE HEDGE HOG,"('value', 'a')"
14,  SPYRO,"('value', 'a')"
15,  SPYRO THE DRAGAON,"('value', 'b')"
16,  STAR FOX,"('value', 'a')"
17,  THE SIMS,"('value', 'c')"
18,  THE SIMS 2 CASTAWAY,"('value', 'b')"
19,  THE SIMS FAMILY,"('value', 'b')"
20,  WIII SPORTS,"('value', 'a')"
21, .HACK,"('value', 'b')"
22, 07 MADDEN,"('value', 'a')"
23, 2 MOONS,"('value', 'a')"
24, 300: MARCH TO GLORY,"('value', 'a')"
25, 3D GOLF,"('value', 'b')"
26, A CAR RACING GAME,"('value', 'b')"
27, ACE COMBAT 4,"('value', 'a')"
28, ACE COMBAT 6,"('value', 'b')"
29, ACE COMPABT IV SHATTERED SKIES,"('value', 'a')"
30, ACTION GAMES,"('value', 'b')"
31, ADDICTING GAMES.COM,"('value', 'a')"
32, ADDICTINGGAMES.COM,"('value', 'b')"
33, ADDICTION SOLITAIRE,"('value', 'b')"
34, ADVENTURE GAMES,"('value', 'b')"
35, ADVENTURE QUEST,"('value', 'b')"
36, AGE OF EMPIRES,"('value', 'b')"
37, AGE OF IMPIRE,"('value', 'a')"
38, AGE OF MYTHOLOGY,"('value', 'a')"
39, AGENT UNDER FIRE,"('value', 'a')"
40, ALL OF THE MARIO GAMES,"('value', 'b')"
41, AMERICAN FARMER,"('value', 'b')"
42, AMERICAN GIRL,"('value', 'a')"
43, AMPED,"('value', 'c')"
44, AMPLITUDE,"('value', 'b')"
45, AND CORAL GAME,"('value', 'b')"
46, AND DANCE DANCE REVOLUTION,"('value', 'b')"
47, AND DRIVER III,"('value', 'b')"
48, AND FINALY FANTASY,"('value', 'b')"
49, AND GAMES ON THE COMPUTER; TV SHOW GAMES ON THE DISNEY CHANNEL,"('value', 'b')"
50, AND GRAND THEFT AUTO,"('value', 'a')"
51, AND HALO II,"('value', 'a')"
52, AND HARRY POTTER,"('value', 'a')"
53, AND MARIO PARTY DS,"('value', 'a')"
54, AND MY SIMS,"('value', 'b')"
55, AND SCRABBLE,"('value', 'b')"
56, AND STARCRAFT BROOD WARS,"('value', 'a')"
57, AND UM SIMS,"('value', 'a')"
58, ANIMAL CROSSING,"('value', 'b')"
59, ANIME GAMES OF ANY KIND,"('value', 'a')"
60, ANOTHER SIMS GAME,"('value', 'a')"
61, ANYTHING THAT HAS TO DO WITH SPORTS,"('value', 'b')"
62, ARCADE GAMES,"('value', 'b')"
63, ARCADE LINES,"('value', 'b')"
64, ASSASIN'S CREED,"('value', 'c')"
65, ASSASSIN'S CREED,"('value', 'a')"
66, ASSASSINS CREED,"('value', 'a')"
67, ATV OFF ROAD,"('value', 'b')"
68, ATV OFF ROAD FURY,"('value', 'c')"
69, ATV OFF ROAD SERIES MLB BASEBALL,"('value', 'a')"
70, BARBIES FASHION SHOW,"('value', 'b')"
71, BASE JUMPING,"('value', 'b')"
72, BASEBALL,"('value', 'b')"
73, BASEBALL GAME,"('value', 'b')"
74, BASKET,"('value', 'b')"
75, BASKETBALL,"('value', 'g')"
76, BATTLE FRONT,"('value', 'a')"
77, BATTLEFIELD,"('value', 'a')"
78, BATTLEFIELD 2,"('value', 'a')"
79, BEAUTIFUL JOE,"('value', 'a')"
80, BEJEWEL,"('value', 'b')"
81, BEJEWELED,"('value', 'b')"
82, BEJEWELED 2,"('value', 'a')"
83, BEJEWLED,"('value', 'b')"
84, BEJEWLLED,"('value', 'b')"
85, BEJWELED,"('value', 'b')"
86, BIG GAME HUNTER,"('value', 'a')"
87, BIG MOTHER TRUCKERS,"('value', 'a')"
88, BIOSHOCK,"('value', 'c')"
89, BLACK,"('value', 'c')"
90, BLACKJACK,"('value', 'b')"
91, BLOON'S POWER DEFENSE 2,"('value', 'a')"
92, BOOKWORM,"('value', 'b')"
93, BOWLING,"('value', 'b')"
94, BOWLING GAME; FIGHTING GAME.,"('value', 'b')"
95, BRAIN AGE,"('value', 'f')"
96, BRAINQUEST,"('value', 'b')"
97, BUBBLE BRAKER,"('value', 'b')"
98, BUBBLE BREAKER,"('value', 'b')"
99, BUBBLE TROUBLE,"('value', 'a')"
100, BUBBLES,"('value', 'b')"
101, BUDDHA KAI,"('value', 'a')"
102, BURN OUT THE NEW ONE,"('value', 'a')"
103, BURNOUT,"('value', 'i')"
104, BURNOUT 3,"('value', 'a')"
105, BURNOUT LEGENDS,"('value', 'c')"
106, BURNOUT REVENGE,"('value', 'c')"
107, CABELA'S AFRICAN SAFARI,"('value', 'a')"
108, CABELA'S DANGEROUS HUNTS,"('value', 'a')"
109, CALL DUTY 4,"('value', 'a')"
110, CALL DUTY OF 4,"('value', 'c')"
111, CALL OF DUITY 4,"('value', 'c')"
112, CALL OF DUTY,"('value', 'd')"
113, CALL OF DUTY 03,"('value', 'a')"
114, CALL OF DUTY 2(BIG RED ONE),"('value', 'a')"
115, CALL OF DUTY 3,"('value', 'b')"
116, CALL OF DUTY 4,"('value', 'd')"
117, CALL OF DUTY FOUR,"('value', 'a')"
118, CALL OF DUTY IV,"('value', 'c')"
119, CALL OF DUTY ROADS OF VICTORY,"('value', 'c')"
120, CALL TO DUTY,"('value', 'a')"
121, CALWONDER,"('value', 'b')"
122, CANDY STAND,"('value', 'b')"
123, CAR RACING GAME,"('value', 'b')"
124, CARBON,"('value', 'a')"
125, CARD GAMES,"('value', 'b')"
126, CARMEN SANDIEGO,"('value', 'c')"
127, CARS,"('value', 'b')"
128, CENTIPEDE,"('value', 'a')"
129, CHECKERS ONLINE,"('value', 'b')"
130, CHECKIN 5,"('value', 'a')"
131, CHESS,"('value', 'b')"
132, CHICKEN INVADERS ,"('value', 'a')"
133, CLUB PENGUIN,"('value', 'c')"
134, CLUE,"('value', 'a')"
135, CLUE FINDERS,"('value', 'b')"
136, COLLAPSE,"('value', 'b')"
137, COLLASPE,"('value', 'b')"
138, COLLEGE FOOTBALL,"('value', 'b')"
139, COLLEGE FOOTBALL 08,"('value', 'b')"
140, COLLESUEM,"('value', 'b')"
141, COLLGE HOOPS O8,"('value', 'c')"
142, COMMAND AND CONQUER GENERALS,"('value', 'a')"
143, COOKING GAME,"('value', 'b')"
144, COOKING MAMA COOKOFF,"('value', 'b')"
145, CORVETTE (RACING GAME),"('value', 'a')"
146, COUNTER STRIKE,"('value', 'b')"
147, COUNTER STRIKE: SOURCE,"('value', 'a')"
148, COUNTER-STRIKE,"('value', 'a')"
149, COUNTERSTRIKE,"('value', 'a')"
150, CRASH BANDCOOT,"('value', 'a')"
151, CRASH BANDICOOT,"('value', 'b')"
152, CRASH BANDICOOT 2,"('value', 'b')"
153, CRAZY TAXI,"('value', 'b')"
154, CRAZY TAXI 4,"('value', 'b')"
155, CREATURES,"('value', 'f')"
156, CROSSWORD PUZZELS,"('value', 'b')"
157, CROSSWORD PUZZLES,"('value', 'b')"
158, CUBED,"('value', 'b')"
159, DANCE  DANCE REVOLUTION,"('value', 'a')"
160, DANCE DANCE DANCE REVOULUTION,"('value', 'b')"
161, DANCE DANCE REVELUTION,"('value', 'b')"
162, DANCE DANCE REVOLUTION,"('value', 'k')"
163, DANCE DANCE REVOLUTION 3,"('value', 'b')"
164, DANCE DANCE REVOLUTION DISNEY,"('value', 'b')"
165, DANCE DANCE REVOLUTTION,"('value', 'b')"
166, DANCE GAME,"('value', 'b')"
167, DANCE PRAISE AND SCATTER GORIES,"('value', 'b')"
168, DARKEST FAIRY,"('value', 'b')"
169, DDR,"('value', 'a')"
170, DEAD OR ALIVE,"('value', 'a')"
171, DEAD RISING,"('value', 'b')"
172, DEAL OR NO DEAL,"('value', 'b')"
173, DEATHWATCH,"('value', 'a')"
174, DEERHUNTING,"('value', 'a')"
175, DEFEND YOUR CASTLE,"('value', 'a')"
176, DEVIL MAY CRY,"('value', 'c')"
177, DEVIL MAY CRY 3,"('value', 'a')"
178, DEVIL OF 7,"('value', 'g')"
179, DIABLO,"('value', 'd')"
180, DICE,"('value', 'b')"
181, DIDDY KONG RACING,"('value', 'b')"
182, DINER DASH,"('value', 'b')"
183, DIRT,"('value', 'c')"
184, DIRT BIKE GAME,"('value', 'b')"
185, DIRT TRACK RACING,"('value', 'g')"
186, DISNEY FAIRIES,"('value', 'b')"
187, DODGEBALL,"('value', 'a')"
188, DOFUS,"('value', 'a')"
189, DOGS,"('value', 'b')"
190, DOMINOES,"('value', 'b')"
191, DONKEY KONG,"('value', 'b')"
192, DOUBLE 07,"('value', 'a')"
193, DRAGON BALL Z,"('value', 'a')"
194, DRAGON BALL Z 3,"('value', 'a')"
195, DRAGONCONCOCHI,"('value', 'a')"
196, DRAWN TO LIFE,"('value', 'a')"
197, DRESS UP DOLLS,"('value', 'b')"
198, DRIVERS ED,"('value', 'b')"
199, DUNGEONS AND DRAGONS HEROES,"('value', 'a')"
200, DYNASTY WARRIORS,"('value', 'a')"
201, DYNASTY WARRIORS 5 EMPIRES,"('value', 'a')"
202, EA BASEBALL GAME,"('value', 'b')"
203, ELDERS GIRLS III,"('value', 'a')"
204, ELDERS SCROLLS FOR:OBLIVION,"('value', 'a')"
205, ELECTRIC MAN,"('value', 'a')"
206, EMPEROR EARTH 2,"('value', 'b')"
207, EMPROIR EARTH,"('value', 'a')"
208, EXCAPE,"('value', 'a')"
209, EXTREME COMBAT,"('value', 'a')"
210, FABLE,"('value', 'a')"
211, FABLE LOST CHAPTERS,"('value', 'b')"
212, FAIRLY ODD PARENTS,"('value', 'a')"
213, FAMILY GUY THE VIDEO GAME,"('value', 'a')"
214, FANTASTIC 4,"('value', 'a')"
215, FARCRY,"('value', 'a')"
216, FARCRY VENGEANCE AND HALO 3,"('value', 'a')"
217, FAST AND THE FURIOUS,"('value', 'a')"
218, FIELD & STREAM TROPHY BIG GAME HUNTING,"('value', 'a')"
219, FIFA,"('value', 'b')"
220, FIFA 08,"('value', 'g')"
221, FIFA 2006,"('value', 'a')"
222, FIFA 2008,"('value', 'e')"
223, FIFA SOCCER,"('value', 'g')"
224, FIGHT NIGHT ROUND 3,"('value', 'b')"
225, FIGHTING GAMES,"('value', 'a')"
226, FIGHTNIGHT 3,"('value', 'a')"
227, FINAL FANASTY,"('value', 'b')"
228, FINAL FANTASY,"('value', 'h')"
229, FINAL FANTASY 11,"('value', 'a')"
230, FINAL FANTASY XII,"('value', 'b')"
231, FINAL FANTSY 2,"('value', 'b')"
232, FIRST PERSON GAMES,"('value', 'a')"
233, FLIGHT SIMULATOR,"('value', 'b')"
234, FLIP WORDS,"('value', 'b')"
235, FOOTBALL,"('value', 'c')"
236, FOOTBALL GAMES,"('value', 'a')"
237, FORD RACING,"('value', 'f')"
238, FORD RACING 2,"('value', 'b')"
239, FORD RACING TWO,"('value', 'a')"
240, FORZA MOTORSPORT,"('value', 'b')"
241, FREE CELL,"('value', 'b')"
242, FREECELL,"('value', 'e')"
243, FROGGER,"('value', 'b')"
244, FRONTLINE,"('value', 'a')"
245, FULL METAL ALCHEMIST,"('value', 'a')"
246, FUN BRAIN,"('value', 'b')"
247, FUTURE TOOLS OF DESTRUCTION,"('value', 'a')"
248, GAIA,"('value', 'a')"
249, GAMEBOY POKEMON GAMES,"('value', 'a')"
250, GEARS OF WAR,"('value', 'c')"
251, GEARS OF WAR 3,"('value', 'a')"
252, GEARS OF WARS,"('value', 'c')"
253, GHOST RECON,"('value', 'a')"
254, GIUTAR HERO,"('value', 'b')"
255, GOD OF WAR,"('value', 'e')"
256, GOD OF WAR 2,"('value', 'a')"
257, GRAD THEFT AUTO,"('value', 'a')"
258, GRAN TURISMO,"('value', 'a')"
259, GRAN TURISMO 5,"('value', 'a')"
260, GRAN TURISMO IV,"('value', 'a')"
261, GRAND THEFT AUTO,"('value', 'c')"
262, GRAND THEFT AUTO 2K8,"('value', 'c')"
263, GRAND THEFT AUTO RACING GAME,"('value', 'a')"
264, GRAND THEFT AUTO VICE CITY,"('value', 'a')"
265, GRAND THEFT AUTO: SAN ANDREAS,"('value', 'c')"
266, GRAND THEFT AUTO: SAN ANDRES,"('value', 'a')"
267, GRAND TURISMO,"('value', 'a')"
268, GRAW 2,"('value', 'a')"
269, GREG HASTINGS,"('value', 'a')"
270, GREMP THE FIRST ONE,"('value', 'a')"
271, GUIATAR HERO,"('value', 'a')"
272, GUILD WARS,"('value', 'a')"
273, GUITAR HERO,"('value', 'k')"
274, GUITAR HERO 2,"('value', 'k')"
275, GUITAR HERO 3,"('value', 'k')"
276, GUITAR HERO II,"('value', 'a')"
277, GUITAR HERO III,"('value', 'a')"
278, GUITAR HERO III: LEGENDS OF ROCK,"('value', 'a')"
279, GUITAR HERO2,"('value', 'b')"
280, GUITER HERO,"('value', 'a')"
281, GUNS AREA,"('value', 'a')"
282, GUNZ,"('value', 'a')"
283, GUTUAR HERO,"('value', 'a')"
284, HALF LIFE 2,"('value', 'a')"
285, HALO,"('value', 'd')"
286, HALO 02,"('value', 'a')"
287, HALO 03,"('value', 'b')"
288, HALO 1,"('value', 'a')"
289, HALO 2,"('value', 'd')"
290, HALO 3,"('value', 'd')"
291, HALO II,"('value', 'a')"
292, HALO SERIES,"('value', 'a')"
293, HALO2,"('value', 'a')"
294, HALO3,"('value', 'a')"
295, HANNAH MONTANA,"('value', 'b')"
296, HAPPY FEET,"('value', 'b')"
297, HARRY POTTER,"('value', 'b')"
298, HARRY POTTER AND SORCER OF STONE,"('value', 'b')"
299, HARRY POTTER GAME ON XBOX,"('value', 'b')"
300, HAZE,"('value', 'a')"
301, HEARTS,"('value', 'b')"
302, HEAVENLY SWORD,"('value', 'a')"
303, HELICOPTER,"('value', 'b')"
304, HELICOPTER GAME,"('value', 'b')"
305, HIDE AND GO SEEK TAG,"('value', 'a')"
306, HIGH SCHOOL MUSICAL 2 GAME,"('value', 'b')"
307, HIGH SCHOOL MUSICAL GAME,"('value', 'b')"
308, HIT MEN,"('value', 'a')"
309, HIT-MAN,"('value', 'b')"
310, HITMAN,"('value', 'c')"
311, HOCKEY,"('value', 'b')"
312, HOCKEY GAME,"('value', 'a')"
313, HOLIDAY EXPRESS,"('value', 'b')"
314, I DON'T K,"('value', 'b')"
315, I DON'T PLAY MUCH OF ANY...I DON'T PLAY THAT MUCH ON THE INTERNET,"('value', 'b')"
316, I DONT KNOW WHAT ITS CALLED BUT ITS WHOLE BAND,"('value', 'a')"
317, I DRESSUP. COM,"('value', 'c')"
318, I SPY,"('value', 'a')"
319, ICE AGE,"('value', 'a')"
320, INDIANA,"('value', 'b')"
321, INTENDOGS,"('value', 'a')"
322, JAK 3,"('value', 'a')"
323, JAMES BOND,"('value', 'b')"
324, JAMES BOND 007 NIGHTFIRE,"('value', 'b')"
325, JENGA,"('value', 'b')"
326, JEOPARDY,"('value', 'b')"
327, JETMAN,"('value', 'b')"
328, JEZZ BALL,"('value', 'b')"
329, JIG SAW PUZZLES,"('value', 'b')"
330, JIMMY NEUTRON,"('value', 'b')"
331, JUICED,"('value', 'a')"
332, JUICED 2,"('value', 'g')"
333, JUMP ULTIMATE STARS,"('value', 'a')"
334, JUZZBALL,"('value', 'e')"
335, K ADDICTING GAMES,"('value', 'b')"
336, KANE & LYNCH DEADMEN,"('value', 'a')"
337, KARAOKE,"('value', 'b')"
338, KARAOKE REVOLUTION,"('value', 'b')"
339, KINDGDOM HEARTS,"('value', 'a')"
340, KINDOM HEARTS,"('value', 'a')"
341, KING OF HEARTS,"('value', 'a')"
342, KINGDOM HEARTS,"('value', 'h')"
343, KINGDOM HEARTS 1,"('value', 'c')"
344, KINGDOM HEARTS 2,"('value', 'h')"
345, KNIGHTS OF THE OLD REPUBLIC,"('value', 'c')"
346, LA RUSH,"('value', 'c')"
347, LAND OF DEAD,"('value', 'c')"
348, LEGEND OF DRAGOON,"('value', 'a')"
349, LEGEND OF ZEDLA,"('value', 'a')"
350, LEGEND OF ZELDA,"('value', 'c')"
351, LEGEND OF ZELDA FOR WII,"('value', 'a')"
352, LEGEND OF ZELDA: PHANTOM HOURGLASS,"('value', 'a')"
353, LEGO STAR WARS,"('value', 'a')"
354, LEGO STAR WARS 2,"('value', 'b')"
355, LEGO STARWARS EPISODE 1-3,"('value', 'b')"
356, LEMMINGS,"('value', 'd')"
357, LIBERTY KIDS,"('value', 'b')"
358, LIFE,"('value', 'a')"
359, LIKE BASEBALL,"('value', 'b')"
360, LIKE CODY-,"('value', 'b')"
361, LITTLE PET SHOP,"('value', 'b')"
362, LORD OF THE RINGS: BATTLE FOR MIDDLE EARTH 2,"('value', 'a')"
363, LUCITO GREEN EXPEDITION,"('value', 'b')"
364, LUXOR,"('value', 'b')"
365, MADDDEN 08,"('value', 'd')"
366, MADDED 08,"('value', 'a')"
367, MADDEN,"('value', 'g')"
368, MADDEN 07,"('value', 'c')"
369, MADDEN 08,"('value', 'g')"
370, MADDEN 08 FOR PS2,"('value', 'd')"
371, MADDEN 2005,"('value', 'c')"
372, MADDEN 2006,"('value', 'a')"
373, MADDEN 2007,"('value', 'g')"
374, MADDEN 2008,"('value', 'c')"
375, MADDEN FOOTBALL,"('value', 'c')"
376, MADDEN O8,"('value', 'a')"
377, MADDEN SPORTS GAMES,"('value', 'b')"
378, MADDEN08|SAINT ROW,"('value', 'a')"
379, MAGIC MIRRORS,"('value', 'b')"
380, MAHJONGG,"('value', 'b')"
381, MANGON,"('value', 'b')"
382, MAPLE STORY,"('value', 'c')"
383, MARCH MADNESS,"('value', 'b')"
384, MARIO,"('value', 'c')"
385, MARIO AND GRETZY & NHL,"('value', 'a')"
386, MARIO AND SONIC AT THE OLYPMIC GAMES,"('value', 'b')"
387, MARIO AND SONIC OLYMPICS FOR THE WII,"('value', 'a')"
388, MARIO BROTHERS,"('value', 'e')"
389, MARIO GALAXY,"('value', 'a')"
390, MARIO GAMES,"('value', 'b')"
391, MARIO GOLF,"('value', 'b')"
392, MARIO KART,"('value', 'j')"
393, MARIO KART DOUBLE DASH,"('value', 'c')"
394, MARIO KART RACING,"('value', 'a')"
395, MARIO KART SUPER CIRCUIT,"('value', 'a')"
396, MARIO PARTY,"('value', 'b')"
397, MARIO PARTY IV,"('value', 'b')"
398, MARIO RACING GAMES,"('value', 'b')"
399, MARIO SECRET BROTHERS,"('value', 'b')"
400, MARIO SUNSHINE,"('value', 'a')"
401, MARIO SUPER STAR BASEBALL.,"('value', 'c')"
402, MARK OF KRI,"('value', 'a')"
403, MARYKATE & ANN ASHLEY,"('value', 'a')"
404, MASS EFFECT,"('value', 'a')"
405, MATH FOOTBALL GAME,"('value', 'b')"
406, MBL 2K6,"('value', 'a')"
407, MECHQUEST,"('value', 'a')"
408, MEDAL OF HOHOR,"('value', 'a')"
409, MEDAL OF HONNOR,"('value', 'b')"
410, MEDAL OF HONOR,"('value', 'i')"
411, MEDAL OF HONOR 4,"('value', 'a')"
412, MEDAL OF HONOR FRONTLINE,"('value', 'a')"
413, MEGA MAN,"('value', 'b')"
414, MEMORY,"('value', 'b')"
415, MERCURY MELDOWN EVOLUTION,"('value', 'b')"
416, METAL GEAR SOLID,"('value', 'a')"
417, METAL OF HONOR HEROES,"('value', 'a')"
418, METEOS,"('value', 'b')"
419, METROID,"('value', 'a')"
420, METROID CRIME,"('value', 'a')"
421, METROID FUSION,"('value', 'a')"
422, METROID PRIME 3,"('value', 'a')"
423, MIDEIVIL 2 TURTLE WAR,"('value', 'a')"
424, MIDNIGHT CLUB,"('value', 'a')"
425, MIDNIGHT CLUB 3 (DUB EDTION),"('value', 'b')"
426, MIDNIGHT CLUB THREE,"('value', 'a')"
427, MILLSBERRY,"('value', 'c')"
428, MINESWEEPER,"('value', 'b')"
429, MINI CLIPS,"('value', 'a')"
430, MLB,"('value', 'g')"
431, MLB 08,"('value', 'a')"
432, MLB 2002,"('value', 'c')"
433, MLB 2004,"('value', 'b')"
434, MLB 2K7,"('value', 'a')"
435, MLB SLUGFEST 2006,"('value', 'a')"
436, MLB THE SHOW 07,"('value', 'c')"
437, MOB TYCOON,"('value', 'a')"
438, MONKEY BALL,"('value', 'b')"
439, MONOPLY,"('value', 'b')"
440, MONOPOLY,"('value', 'b')"
441, MOORWIND: PRINCE OF PERSUSH,"('value', 'a')"
442, MORTAL KOMBAT,"('value', 'a')"
443, MORTAL KOMBAT ARMAGEDDON,"('value', 'a')"
444, MORTAL KOMBAT: DEADLY ALLIANCE,"('value', 'g')"
445, MORTAL kOMBAT,"('value', 'a')"
446, MOTOR CROSS,"('value', 'a')"
447, MULAN,"('value', 'a')"
448, MVP NCAA BASEBALL 2006,"('value', 'a')"
449, MX UNLEASHED,"('value', 'b')"
450, MX VS ATV ONLEASH,"('value', 'a')"
451, MX VS ATV UNLEASHED,"('value', 'c')"
452, MYSTERY GAMES,"('value', 'a')"
453, NANCY DREW,"('value', 'b')"
454, NARC,"('value', 'a')"
455, NARNIA,"('value', 'b')"
456, NARUTO,"('value', 'a')"
457, NARUTO: CLASH OF NINJA 2,"('value', 'a')"
458, NASCAR,"('value', 'j')"
459, NASCAR 07,"('value', 'a')"
460, NASCAR 08,"('value', 'c')"
461, NBA,"('value', 'g')"
462, NBA 08,"('value', 'g')"
463, NBA 2K,"('value', 'b')"
464, NBA 2K SERIES,"('value', 'a')"
465, NBA 2K8,"('value', 'a')"
466, NBA BASEKETBALL,"('value', 'e')"
467, NBA BASKETBALL,"('value', 'g')"
468, NBA GAMES,"('value', 'a')"
469, NBA LIVE,"('value', 'g')"
470, NBA LIVE 08,"('value', 'c')"
471, NBA LIVE 2008,"('value', 'g')"
472, NBA STREET: HOMECOURT,"('value', 'a')"
473, NBA2K8,"('value', 'a')"
474, NCA FOOTBALL 08,"('value', 'f')"
475, NCAA,"('value', 'g')"
476, NCAA (FOOTBALL),"('value', 'a')"
477, NCAA 06,"('value', 'g')"
478, NCAA 07,"('value', 'a')"
479, NCAA 08,"('value', 'c')"
480, NCAA 2008,"('value', 'a')"
481, NCAA BASEBALL 06,"('value', 'a')"
482, NCAA BASKETBAL,"('value', 'a')"
483, NCAA BASKETBALL,"('value', 'b')"
484, NCAA BBALL,"('value', 'a')"
485, NCAA FOOTBALL,"('value', 'a')"
486, NCAA FOOTBALL 07,"('value', 'b')"
487, NCAA FOOTBALL 08,"('value', 'b')"
488, NCAA MARCH MADDNESS,"('value', 'a')"
489, NCAA MARCH MADNESS 05,"('value', 'b')"
490, NCAA07,"('value', 'e')"
491, NEED FOR SPEED,"('value', 'c')"
492, NEED FOR SPEED 2,"('value', 'b')"
493, NEED FOR SPEED CARBON,"('value', 'j')"
494, NEED FOR SPEED CARBON ,"('value', 'e')"
495, NEED FOR SPEED MOST WANTED,"('value', 'a')"
496, NEED FOR SPEED PROSTREET,"('value', 'e')"
497, NEED FOR SPEED TOKYO DRIFT,"('value', 'c')"
498, NEED FOR SPEED UNDERGROUND,"('value', 'a')"
499, NEED FOR SPEED UNDERGROUND 2,"('value', 'a')"
500, NEED FOR SPEED: CARBON,"('value', 'a')"
501, NEED FOR SPEED: MOST WANTED,"('value', 'a')"
502, NEO KIDS,"('value', 'f')"
503, NFL,"('value', 'c')"
504, NFL 08,"('value', 'a')"
505, NFL 2008,"('value', 'a')"
506, NFL BLISS,"('value', 'a')"
507, NFL FOOTBALL,"('value', 'g')"
508, NFL GAME,"('value', 'a')"
509, NHL,"('value', 'b')"
510, NHL 08,"('value', 'a')"
511, NHL 2008,"('value', 'c')"
512, NHL 2K7,"('value', 'c')"
513, NHL 2K7 HOCKEY,"('value', 'a')"
514, NHL 2K8,"('value', 'a')"
515, NHL HOCKEY 2K7,"('value', 'c')"
516, NIGHTMARE BEFORE CHRISTMAS,"('value', 'a')"
517, NINTENDOGS,"('value', 'b')"
518, NO OTHER GAMES ON A COMPUTER,"('value', 'b')"
519, NONE SPECIFIC,"('value', 'a')"
520, NTAA 06,"('value', 'g')"
521, OBEL VIN,"('value', 'a')"
522, OBLIVION,"('value', 'd')"
523, OBLIVION ELDER SCROLLS,"('value', 'a')"
524, ONIMUSHA DAWN OF DREAMS,"('value', 'a')"
525, ONLINE GAMES,"('value', 'b')"
526, ONLINE JIGSAW GAMES,"('value', 'b')"
527, ONLINES GAMES,"('value', 'b')"
528, OR U COULD JUST PUT T,"('value', 'a')"
529, ORANGE BOX,"('value', 'c')"
530, ORIGANL MARIO,"('value', 'b')"
531, OTHELLO,"('value', 'b')"
532, OVERLORD,"('value', 'a')"
533, PAC-MAN,"('value', 'b')"
534, PACMAN,"('value', 'j')"
535, PERFECT DARK ZERO,"('value', 'a')"
536, PERSONA 3,"('value', 'b')"
537, PIANOS,"('value', 'b')"
538, PINBALL,"('value', 'b')"
539, POGO,"('value', 'b')"
540, POKEMON,"('value', 'a')"
541, POKEMON (ANOTHER ONE),"('value', 'a')"
542, POKEMON GAMES,"('value', 'a')"
543, POLICE CHASE,"('value', 'b')"
544, PRIMAL RAGE,"('value', 'a')"
545, PRINCE OF PERISA,"('value', 'a')"
546, PRINCE OF PERSIA ALL THREE,"('value', 'a')"
547, PRO STREET NEED FOR SPEED,"('value', 'g')"
548, PROJECT AWSOME RACING 2,"('value', 'e')"
549, PROJECT GOTHAM 3,"('value', 'a')"
550, PROJECT GOTHAM RACING 2,"('value', 'a')"
551, PUZZELED,"('value', 'b')"
552, PUZZLE GAME,"('value', 'b')"
553, PUZZLE GAMES,"('value', 'b')"
554, PUZZLE GAMES ONLINE,"('value', 'b')"
555, PUZZLE TYPE GAMES,"('value', 'a')"
556, PUZZLES,"('value', 'b')"
557, QUAKE 3,"('value', 'a')"
558, QUEST (LIKE SCRABBLE),"('value', 'a')"
559, RACE TRACK GAME,"('value', 'a')"
560, RACECAR,"('value', 'a')"
561, RACHET & CLANK,"('value', 'b')"
562, RACHET & CLINK DREAD LOCK,"('value', 'a')"
563, RACING,"('value', 'b')"
564, RACING GAME ON THE WII,"('value', 'c')"
565, RACING GAMES,"('value', 'j')"
566, RACING GAMES),"('value', 'b')"
567, RAGNAROCK,"('value', 'a')"
568, RAINBOW SIX VEGAS,"('value', 'c')"
569, RAINBOW VI VEGAS,"('value', 'b')"
570, RAINBOW6,"('value', 'b')"
571, RATCHET & CLANK,"('value', 'a')"
572, RATCHET AND CLANK,"('value', 'c')"
573, RAVIN BAXTER,"('value', 'a')"
574, RAW VS. SMACKDOWN 2007,"('value', 'a')"
575, RED ALERT 2,"('value', 'b')"
576, RED SQUARE,"('value', 'a')"
577, RESIDENT EVEL 4,"('value', 'b')"
578, RESIDENT EVIL,"('value', 'i')"
579, RESIDENT EVIL 3,"('value', 'a')"
580, RESIDENT EVIL 4,"('value', 'l')"
581, RESISTANCE: FALL OF MAN N,"('value', 'a')"
582, REVERSEE,"('value', 'b')"
583, RISE OF NATIONS.,"('value', 'a')"
584, RISE OF THE NINJA,"('value', 'a')"
585, ROCK BAND,"('value', 'k')"
586, ROCK BAND. (HALO 2),"('value', 'a')"
587, ROCKBAND,"('value', 'f')"
588, ROLLER COASTER TYCON,"('value', 'b')"
589, ROLLER COASTER TYCOON,"('value', 'b')"
590, ROLLERCOASTER TYCOON,"('value', 'b')"
591, ROME: TOTALWAR,"('value', 'a')"
592, RUNESCAPE,"('value', 'a')"
593, RUNESCAPE.COM,"('value', 'a')"
594, RUNESCATE.COM,"('value', 'c')"
595, RUNESCRAPE,"('value', 'a')"
596, RUSH,"('value', 'a')"
597, SAGA,"('value', 'b')"
598, SALOY SALON,"('value', 'a')"
599, SCARFACE,"('value', 'b')"
600, SCATTERGORIES,"('value', 'a')"
601, SCENE IT,"('value', 'b')"
602, SCOOBY DO,"('value', 'b')"
603, SCRABBLE,"('value', 'b')"
604, SHELL SHOCKED,"('value', 'a')"
605, SHOOTING GAMES;,"('value', 'b')"
606, SHREK 3,"('value', 'e')"
607, SILENT HILL,"('value', 'a')"
608, SILENT HILL 4,"('value', 'a')"
609, SIM CITY 3,"('value', 'a')"
610, SIM PETS,"('value', 'b')"
611, SIM TOWN,"('value', 'a')"
612, SIMPSONS MOVIE,"('value', 'b')"
613, SIMS,"('value', 'f')"
614, SIMS 2,"('value', 'b')"
615, SIMS2,"('value', 'a')"
616, SING STAR,"('value', 'g')"
617, SKATE,"('value', 'e')"
618, SKATEBOARDING,"('value', 'b')"
619, SKATES,"('value', 'b')"
620, SLY COOPER,"('value', 'b')"
621, SMACK DOWN 07,"('value', 'a')"
622, SMACK DOWN VS.RAW 2008,"('value', 'a')"
623, SMACKDOWN,"('value', 'a')"
624, SMACKDOWN VS RAW 2008,"('value', 'a')"
625, SMASH BROTHERS,"('value', 'a')"
626, SMILEY BALL,"('value', 'b')"
627, SMOOTH MOVES,"('value', 'a')"
628, SNOOD,"('value', 'b')"
629, SNOWBOARDING ADVENTURE,"('value', 'a')"
630, SNOWMOBILING GAME,"('value', 'b')"
631, SOCCER,"('value', 'b')"
632, SOCOM,"('value', 'c')"
633, SOCOM COMBINED ASSAULT,"('value', 'b')"
634, SOCOM US NAVY SEALS,"('value', 'a')"
635, SODUKO,"('value', 'b')"
636, SODUKU,"('value', 'e')"
637, SOLATAIRE,"('value', 'b')"
638, SOLITAIRE,"('value', 'b')"
639, SOLITARE,"('value', 'b')"
640, SOLITARE ,"('value', 'b')"
641, SOME FIGHTING GAME IM NOT SURE THE NAME OF,"('value', 'a')"
642, SOME PAINTING GAME I DONT KNOW WHAT ITS CALLED,"('value', 'b')"
643, SOME SPORTS,"('value', 'b')"
644, SONIC,"('value', 'j')"
645, SONIC THE HEDGEHOG,"('value', 'a')"
646, SOUL CALIBUR,"('value', 'a')"
647, SPEED RACER,"('value', 'b')"
648, SPIDER,"('value', 'b')"
649, SPIDER SOLITAIRE,"('value', 'b')"
650, SPIDERMAN,"('value', 'b')"
651, SPIDERMAN 02,"('value', 'a')"
652, SPLINTER CELL,"('value', 'a')"
653, SPONGEBOB,"('value', 'a')"
654, SPONGEBOB GAME,"('value', 'b')"
655, SPONGEBOB SQUAREPANTS,"('value', 'a')"
656, SPORTS,"('value', 'a')"
657, SPORTS GAMES,"('value', 'a')"
658, SPY FOX,"('value', 'b')"
659, SPYRO,"('value', 'b')"
660, SPYRO A NEW BEGINING,"('value', 'e')"
661, SPYRO RIP TO'S,"('value', 'b')"
662, SSX ON TOUR,"('value', 'b')"
663, STAR FOX ADVENTURE,"('value', 'c')"
664, STAR WARS,"('value', 'b')"
665, STAR WARS BATTLE FRONT,"('value', 'a')"
666, STAR WARS BATTLE FRONT 2,"('value', 'a')"
667, STAR WARS BATTLEFRONT 2,"('value', 'a')"
668, STAR WARS KNIGHTS OF THE OLD REPUBLIC 2: THE SITH LORDS,"('value', 'a')"
669, STAR WARS RACING,"('value', 'b')"
670, STAR WARS: EMPIRE AT WAR,"('value', 'a')"
671, STARCRAFT,"('value', 'c')"
672, STARWARS,"('value', 'a')"
673, STATE OF EMERGENY,"('value', 'a')"
674, STREET BALL,"('value', 'b')"
675, STREET FIGHTER,"('value', 'a')"
676, STREET FIGHTER 3,"('value', 'a')"
677, STREET FOOTBALL,"('value', 'c')"
678, STREET HOOPS,"('value', 'a')"
679, STRONGHOLD,"('value', 'a')"
680, SUPER MAIRO GALAXY,"('value', 'a')"
681, SUPER MARIO,"('value', 'b')"
682, SUPER MARIO ADVANCE,"('value', 'a')"
683, SUPER MARIO BROS.,"('value', 'a')"
684, SUPER MARIO BROTHERS,"('value', 'b')"
685, SUPER MARIO GALAXY,"('value', 'b')"
686, SUPER MARIO KART,"('value', 'b')"
687, SUPER MARIO SMASH BROTHERS,"('value', 'b')"
688, SUPER MARIO SUNSHINE,"('value', 'c')"
689, SUPER MARION GALAXY,"('value', 'b')"
690, SUPER PARTY,"('value', 'a')"
691, SUPER ROBOT TAISEN,"('value', 'a')"
692, SUPER SMASH BROTHER,"('value', 'a')"
693, SUPER SMASH BROTHERS,"('value', 'a')"
694, SUPER SMASH BROTHERS MEELE,"('value', 'a')"
695, SUPER SMASH BROTHERS MELEE,"('value', 'a')"
696, SUPER SMASH MELEE,"('value', 'a')"
697, SUPERMARIO 64,"('value', 'a')"
698, SUPERMARIO GALAXY,"('value', 'a')"
699, SUPERMARIO KART,"('value', 'b')"
700, SUPREME COMANDER,"('value', 'b')"
701, SURVIAL HORROR GAME,"('value', 'a')"
702, SURVIVING HIGH SCHOOL,"('value', 'b')"
703, SURVIVING HS 07,"('value', 'b')"
704, SWORD OF MAN,"('value', 'a')"
705, TAILS OF SYMPHONIS,"('value', 'a')"
706, TAILS OF THE ABYSS,"('value', 'a')"
707, TALES OF SYMPHONIA,"('value', 'a')"
708, TEKKEN,"('value', 'a')"
709, TEKKEN 3,"('value', 'a')"
710, TEKKEN 5,"('value', 'a')"
711, TEN DOGS,"('value', 'b')"
712, TEN KAI EG,"('value', 'a')"
713, TENNIS,"('value', 'a')"
714, TENNIS ON THE WII,"('value', 'b')"
715, TERRITORY WARS,"('value', 'a')"
716, TETRIS,"('value', 'b')"
717, TGAMES (GAME WEBSITE),"('value', 'a')"
718, THAT'S SO RAVEN,"('value', 'a')"
719, THATS SO RAVEN,"('value', 'c')"
720, THATS SO RAVEN GAME,"('value', 'e')"
721, THE BRATZ,"('value', 'a')"
722, THE DARKNESS,"('value', 'a')"
723, THE ELDERSCROLLS IV OBLIVION,"('value', 'b')"
724, THE HIT AND RUN,"('value', 'e')"
725, THE HOOKUP,"('value', 'b')"
726, THE LEGEND OF ZELDA,"('value', 'a')"
727, THE LEGEND OF ZELDA TWIGHLIGHT PRINCESS,"('value', 'a')"
728, THE PUZZLE GAMES AND THE EDUCATIONAL GAMES THAT YOU HAVE TO FIGURE OUT,"('value', 'b')"
729, THE SILENT HILL GAME,"('value', 'a')"
730, THE SIMPSON'S HIT AND RUN,"('value', 'a')"
731, THE SIMPSONS GAME,"('value', 'a')"
732, THE SIMS,"('value', 'f')"
733, THE SIMS 2,"('value', 'f')"
734, THE SIMS PET EDITION,"('value', 'b')"
735, THE SUITE LIFE OF ZACH AND CODY,"('value', 'c')"
736, THE URBZ: SIMS IN THE CITY,"('value', 'a')"
737, THE WII,"('value', 'a')"
738, THE WII SPORTS,"('value', 'b')"
739, THIN ICE,"('value', 'b')"
740, THRILLVILLE,"('value', 'a')"
741, TIC TAC TOE,"('value', 'b')"
742, TIGER WOODS,"('value', 'a')"
743, TIGER WOODS 07,"('value', 'a')"
744, TIGER WOODS 08,"('value', 'c')"
745, TIGER WOODS FOR PS2,"('value', 'd')"
746, TIGER WOODS PGA GOLF,"('value', 'b')"
747, TIGER WOODS PGA GOLF NBA LIVE,"('value', 'b')"
748, TIME WARP,"('value', 'a')"
749, TOM CLANCY'S RAINBOW SIX: VEGAS,"('value', 'a')"
750, TOM CLANCY'S WAR FIGHTER,"('value', 'a')"
751, TOMB RAIDER,"('value', 'c')"
752, TONY HAWK,"('value', 'b')"
753, TONY HAWK (SERIES),"('value', 'b')"
754, TONY HAWK 3,"('value', 'c')"
755, TONY HAWK PRO SKATER,"('value', 'c')"
756, TONY HAWK'S PRO SKATER 2,"('value', 'b')"
757, TONY HAWKS AMERICAN WASTELAND,"('value', 'a')"
758, TONY HAWKS PROJECT 8,"('value', 'b')"
759, TONY HAWKS SKATER GAMES,"('value', 'b')"
760, TONYHAWK,"('value', 'c')"
761, TRANSFORMERS,"('value', 'b')"
762, TRUE CRIME,"('value', 'a')"
763, TRUE LIFE,"('value', 'b')"
764, TWISTED,"('value', 'a')"
765, TYCOON,"('value', 'b')"
766, UMM MCAA FOOTBALL,"('value', 'b')"
767, UMMM THATS ALL,"('value', 'b')"
768, UNDERGROUND 1,"('value', 'c')"
769, UNDERGROUND 2,"('value', 'c')"
770, UNTOLD LEGENDS,"('value', 'a')"
771, US NAVY SEALS,"('value', 'a')"
772, VIVA PINATA,"('value', 'b')"
773, VOLLEYBALL GAME,"('value', 'a')"
774, WARCRAFT,"('value', 'a')"
775, WARCRAFT 3,"('value', 'b')"
776, WARHAWK,"('value', 'a')"
777, WEBKIDS,"('value', 'f')"
778, WEBKINZ,"('value', 'a')"
779, WEST NORTH,"('value', 'a')"
780, WHEEL OF FORTUNE,"('value', 'b')"
781, WII,"('value', 'a')"
782, WII BLACKJACK WITH CARDS,"('value', 'b')"
783, WII BOWLING,"('value', 'b')"
784, WII PLAY,"('value', 'a')"
785, WII PLAY GAMES,"('value', 'b')"
786, WII SPORTS,"('value', 'b')"
787, WII SPROTS,"('value', 'b')"
788, WII TENNIS,"('value', 'b')"
789, WONDERFUL: SPECIAL ADDITION,"('value', 'a')"
790, WORD GAMES,"('value', 'b')"
791, WORD SEARCH,"('value', 'b')"
792, WORD WOMP,"('value', 'a')"
793, WORLD OF WARCRAFT,"('value', 'd')"
794, WWF SMACKDOWN,"('value', 'a')"
795, YAHOO GAMES,"('value', 'a')"
796, YAHOO POOL,"('value', 'a')"
797, YUOHSEE ISLAND,"('value', 'b')"
798, ZELDA,"('value', 'b')"
799, ZOIE 101,"('value', 'e')"
800, ZOO TYCOON,"('value', 'b')"
801, ZOOMBINIS,"('value', 'b')"
802, ZOOTY ZOON,"('value', 'a')"
803, ZUMA,"('value', 'b')"
804, ZWINKY,"('value', 'e')"
805,ACE COMBAT SERIES,"('value', 'a')"
806,ACNOS ENERGIZER,"('value', 'c')"
807,ACTION GAMES,"('value', 'a')"
808,ADVANCE HORSE CIVILIZATION,"('value', 'a')"
809,ADVENTURE GAMES,"('value', 'b')"
810,AGE OF EMPIRES,"('value', 'a')"
811,ALL THE SPORTS GAMES,"('value', 'g')"
812,AMERICA'S ARMY,"('value', 'a')"
813,ANIMAL CROSSING,"('value', 'e')"
814,APPLE TO APPLE,"('value', 'f')"
815,ASSASIN'S CREED,"('value', 'a')"
816,ASSASSIN'S CREED,"('value', 'a')"
817,ASSASSIN'SS CREED,"('value', 'a')"
818,ATV OFF ROAD FURY,"('value', 'b')"
819,BACKYARD BASEBALL,"('value', 'e')"
820,BAKETBALL RACINNG MADDEN,"('value', 'b')"
821,BARBIE,"('value', 'a')"
822,BASEBALL,"('value', 'g')"
823,BASKETBALL,"('value', 'a')"
824,BASKETBALL GAMES,"('value', 'a')"
825,BATTLE BEATLE,"('value', 'b')"
826,BATTLE ON,"('value', 'a')"
827,BATTLEFIELD,"('value', 'a')"
828,BATTLEFIELD 2,"('value', 'a')"
829,BATTLEFRONT STARWARS,"('value', 'a')"
830,BEJEWELED,"('value', 'b')"
831,BEJEWLED,"('value', 'b')"
832,BEJWELED,"('value', 'a')"
833,BLAZING ANGELS,"('value', 'c')"
834,BLITZ LEAGUE,"('value', 'g')"
835,BLOCKERS,"('value', 'a')"
836,BLOONS,"('value', 'b')"
837,BLOONSHINE,"('value', 'b')"
838,BOARD CARD AND OUTSIDE GAME,"('value', 'b')"
839,BOGGLE,"('value', 'a')"
840,BOOKWORM,"('value', 'b')"
841,BROTHER IN ARM,"('value', 'a')"
842,BUBBLE POPPIN,"('value', 'a')"
843,BUG ON A WIRE,"('value', 'b')"
844,BURN OUT DOMINATION,"('value', 'c')"
845,BURNOUT,"('value', 'j')"
846,BURNOUT 3: TAKEDOWN,"('value', 'a')"
847,BURNOUT REVENGE,"('value', 'a')"
848,CALL DUTY 2,"('value', 'a')"
849,CALL OF DUTY,"('value', 'g')"
850,CALL OF DUTY (THE NEWEST ONE),"('value', 'a')"
851,CALL OF DUTY 04 |LENGEND OF ZEDLA GUITAR HERO 03,"('value', 'a')"
852,CALL OF DUTY 3,"('value', 'c')"
853,CALL OF DUTY 4,"('value', 'c')"
854,CALL OF DUTY IV,"('value', 'a')"
855,CALL OF DUTY4 ROCK BAND MARIO PARTY8,"('value', 'c')"
856,CAN'T REMEMBER I DON'T REMEMBER THE NAME,"('value', 'e')"
857,CAPTER LINE RIDER,"('value', 'c')"
858,CAR RACING GAMES,"('value', 'b')"
859,CARD,"('value', 'b')"
860,CARD GAME; SUDOKO,"('value', 'b')"
861,CEASER IV,"('value', 'a')"
862,CHECKER,"('value', 'b')"
863,CHECKERS,"('value', 'a')"
864,CHEETAH GIRLS,"('value', 'b')"
865,CHESS,"('value', 'b')"
866,CHUZZLE,"('value', 'b')"
867,CLUB PENGUIN,"('value', 'b')"
868,COMBAT FLIGHT SIMULATOR 2,"('value', 'a')"
869,COMMAND AND CONQUER RED ALERT URI'S REVENGE,"('value', 'a')"
870,COMPUTER GAMES,"('value', 'a')"
871,COUNTERSTRIKE,"('value', 'b')"
872,CRASH BANDICOOT,"('value', 'b')"
873,CSI,"('value', 'a')"
874,CUL-DE-SAC SMASH,"('value', 'b')"
875,CUSTOM ROBO ARENA,"('value', 'a')"
876,DANCE DANCE REVOLTION,"('value', 'b')"
877,DANCE DANCE REVOLUTION,"('value', 'k')"
878,DANCING GAME,"('value', 'b')"
879,DEAD OR ALIVE,"('value', 'a')"
880,DEF JAM ICON,"('value', 'a')"
881,DEF JAM VENDETTA,"('value', 'a')"
882,DEVIL MAY CRY,"('value', 'a')"
883,DIABLO 2,"('value', 'b')"
884,DINER DASH,"('value', 'b')"
885,DISNEY GAMES,"('value', 'b')"
886,DK,"('value', 'b')"
887,DON'T HAVE ANY,"('value', 'b')"
888,DONKEY KONG,"('value', 'b')"
889,DOOM 3,"('value', 'a')"
890,DOUBLE TROULBE,"('value', 'b')"
891,DRAGON BALL Z,"('value', 'a')"
892,DRAGON BALL Z 08,"('value', 'a')"
893,DRAGON QUEST,"('value', 'a')"
894,ENTER THE MATRIX,"('value', 'a')"
895,ESPN,"('value', 'a')"
896,FAMILY FEUD,"('value', 'b')"
897,FANCY PANTS,"('value', 'b')"
898,FIFA 08,"('value', 'c')"
899,FIFA 2007,"('value', 'b')"
900,FIFA 2008,"('value', 'e')"
901,FINAL FANASTY,"('value', 'a')"
902,FINAL FANTASTY 07,"('value', 'a')"
903,FINAL FANTASY,"('value', 'h')"
904,FINAL FANTASY 11,"('value', 'a')"
905,FINAL FANTASY 2,"('value', 'd')"
906,FIRE EMBLEM PATH OF RADIANCE,"('value', 'a')"
907,FLY COOPER,"('value', 'a')"
908,FOOTBALL,"('value', 'b')"
909,FORBIDDEN SIREN,"('value', 'c')"
910,FOURWHEELER RACING,"('value', 'b')"
911,GAMES I HAVE PLAYED IN THE PAST LIKE GAMES ON MY CELL PHONE,"('value', 'b')"
912,GEARS OF WAR,"('value', 'd')"
913,GHOST RECON,"('value', 'a')"
914,GIUTAR HERO,"('value', 'b')"
915,GOD OF WAR,"('value', 'a')"
916,GODFATHER,"('value', 'a')"
917,GRAN TRISMO 4,"('value', 'c')"
918,GRAND THEFT AUTO,"('value', 'j')"
919,GRAND THEFT AUTO: SAN ANDREA,"('value', 'b')"
920,GRAND THEFT AUTO: SAN ANDREAS,"('value', 'c')"
921,GRAND THEFT: AUTO SAN ADREAS,"('value', 'a')"
922,GRAND TURISMO,"('value', 'a')"
923,GRANDSTAND REVOLUTION,"('value', 'b')"
924,GUILD WARS,"('value', 'a')"
925,GUITAR HERO,"('value', 'k')"
926,GUITAR HERO 1,"('value', 'b')"
927,GUITAR HERO 2,"('value', 'a')"
928,GUITAR HERO 3,"('value', 'k')"
929,GUITAR HERO AND 4 WHEELER RACE.,"('value', 'b')"
930,GUITAR HERO AND THE WII,"('value', 'c')"
931,GUITAR HERO I,"('value', 'a')"
932,GUITAR HERO III,"('value', 'd')"
933,GUITAR HERO; MADDEN; AND NCAA,"('value', 'a')"
934,GUITER HERO,"('value', 'b')"
935,GUITER HERO NASCAR|GRAND THEAFT AUTO,"('value', 'a')"
936,GUNS,"('value', 'a')"
937,GUTAR HERO,"('value', 'b')"
938,GUY- YA,"('value', 'e')"
939,HALF LIFE,"('value', 'a')"
940,HALO,"('value', 'd')"
941,HALO 1,"('value', 'c')"
942,HALO 2,"('value', 'd')"
943,HALO 3,"('value', 'c')"
944,HALO 3 ASSASSIN'S CREED,"('value', 'a')"
945,HALO 3; GUITAR HERO;|MARIO PARTY,"('value', 'a')"
946,HALO III,"('value', 'a')"
947,HALO2,"('value', 'a')"
948,HALO3,"('value', 'a')"
949,HALOS OF MIGHTY MAGIC,"('value', 'a')"
950,HANNA MONTANNA GAME,"('value', 'b')"
951,HANNAH MONTANA,"('value', 'c')"
952,HARRY POTTER GAMES,"('value', 'a')"
953,HARVEST MOON,"('value', 'a')"
954,HEARTS TWO,"('value', 'a')"
955,HUNT THE WOMPUS,"('value', 'b')"
956,I CANT THINK OF ANY RIGHT NOW.  JUST GO TO WEBSITE MINICLIPS.COM AND PLAY MANY GAMES THERE,"('value', 'b')"
957,I DON'T KNOW,"('value', 'b')"
958,I DON'T KNOW....DON'T PLAY MANY GAMES,"('value', 'c')"
959,I DON'T REALLY HAVE ANY,"('value', 'c')"
960,I HAVE NO IDEA; I DON'T REALLY PLAY THEM ENOUGH TO HAVE FAVORITES,"('value', 'b')"
961,INK PEN,"('value', 'b')"
962,INSANE AQUARIUM,"('value', 'b')"
963,JACK RACING,"('value', 'a')"
964,JAMES BOND,"('value', 'a')"
965,JETMAN,"('value', 'j')"
966,JEWEL QUEST,"('value', 'b')"
967,JEWEL QUIST,"('value', 'e')"
968,KIM POSSIBLE,"('value', 'a')"
969,KINGDOM HEARTS,"('value', 'b')"
970,KINGDOM HEARTS 1 KINGDOM HEARTS 2,"('value', 'a')"
971,KINGDOM OF HEARTS,"('value', 'a')"
972,LEGEND OF ZELDA,"('value', 'i')"
973,LEGEND OF ZELDA: TWILIGHT PRINCESS,"('value', 'a')"
974,LEGO STAR WARS,"('value', 'b')"
975,LIKE THEM ALL,"('value', 'b')"
976,LIZZIE MGUIRE BRANDY AND MR WISKERS SWEET LIFE OF ZACK AND CODY,"('value', 'b')"
977,LMUNEERS,"('value', 'a')"
978,LORD OF THE RINGS,"('value', 'c')"
979,LUXOR,"('value', 'b')"
980,MAD NO SHAKES,"('value', 'g')"
981,MADDED FOOTBALL 08,"('value', 'c')"
982,MADDEDN 07,"('value', 'a')"
983,MADDEN,"('value', 'g')"
984,MADDEN ,"('value', 'a')"
985,MADDEN 07,"('value', 'g')"
986,MADDEN 08,"('value', 'g')"
987,MADDEN 2006,"('value', 'b')"
988,MADDEN 2008,"('value', 'g')"
989,MADDEN FOOTBALL,"('value', 'b')"
990,MADDEN LIVE,"('value', 'a')"
991,MADDEN NFL 08,"('value', 'a')"
992,MADDEN NFL 2008,"('value', 'b')"
993,MADDEN O7,"('value', 'a')"
994,MADDEN O8,"('value', 'g')"
995,MADDEN07 NEDD FOR SPEED UNDERGROUND 2 GOD OF WAR2,"('value', 'c')"
996,MADE FOR SPACE,"('value', 'b')"
997,MAHJONGG,"('value', 'b')"
998,MAPLE STORY,"('value', 'a')"
999,MARIO,"('value', 'b')"
1000,MARIO AND LUIGI: PARTNERS IN TIME,"('value', 'b')"
1001,MARIO AND SONIC AT THE GAMES,"('value', 'a')"
1002,MARIO BROS,"('value', 'b')"
1003,MARIO BROTHERS,"('value', 'a')"
1004,MARIO GALAXY,"('value', 'a')"
1005,MARIO GAME,"('value', 'b')"
1006,MARIO KART,"('value', 'j')"
1007,MARIO KART DOUBLE DASH,"('value', 'b')"
1008,MARIO PARTY,"('value', 'e')"
1009,MASS EFFECT,"('value', 'b')"
1010,MATRIX,"('value', 'a')"
1011,MEDAL GEAR SOLID,"('value', 'a')"
1012,MEDAL OF HONOR,"('value', 'a')"
1013,MEDAL OF HONOR - VANGUARD,"('value', 'b')"
1014,MEDAL OF HONOR AIR BORNE,"('value', 'b')"
1015,MEDAL OF HONOR FRONTLINE,"('value', 'a')"
1016,MEDAL OF HONOR-RISING SUN,"('value', 'a')"
1017,MEGAMAN BATTLE NETWORK,"('value', 'b')"
1018,METAL ARM (GLATCH SYSTEM),"('value', 'c')"
1019,MIDNIGHT CLUB UNDERGROUND,"('value', 'a')"
1020,MINE SWEEPER,"('value', 'b')"
1021,MINESWEEPER,"('value', 'b')"
1022,MINIGOLF GAME,"('value', 'b')"
1023,MISS POPULARITY,"('value', 'b')"
1024,MLB 07,"('value', 'a')"
1025,MLB 07 FOR PSP,"('value', 'd')"
1026,MLB THE SHOW,"('value', 'c')"
1027,MONSTER HUNTER FOR PSP; SOCOM; OBLIVION,"('value', 'b')"
1028,MORTAL KOMBAT,"('value', 'a')"
1029,MS PAC MAN,"('value', 'a')"
1030,MX VS. ATV UNLEASHED,"('value', 'c')"
1031,MYTHWAR,"('value', 'a')"
1032,NANCY DREW,"('value', 'b')"
1033,NARUTO,"('value', 'b')"
1034,NASCAR,"('value', 'b')"
1035,NASCAR 08,"('value', 'a')"
1036,NATION SCAPE,"('value', 'b')"
1037,NBA,"('value', 'c')"
1038,NBA 07,"('value', 'c')"
1039,NBA 08,"('value', 'a')"
1040,NBA 2K7,"('value', 'a')"
1041,NBA 2K8,"('value', 'a')"
1042,NBA LIV 2008,"('value', 'b')"
1043,NBA LIVE,"('value', 'g')"
1044,NBA LIVE 08,"('value', 'a')"
1045,NBA LIVE 2005,"('value', 'a')"
1046,NCAA,"('value', 'c')"
1047,NCAA 07 BASEBALL GAME,"('value', 'b')"
1048,NCAA 08,"('value', 'b')"
1049,NCAA FOOTBALL,"('value', 'a')"
1050,NCAA FOOTBALL 07,"('value', 'a')"
1051,NCAA FOOTBALL 08,"('value', 'c')"
1052,NCAA MADNESS NCAA 07,"('value', 'b')"
1053,NCAAA BASKETBALL,"('value', 'a')"
1054,NCCA FOOTBALL,"('value', 'b')"
1055,NCCAA FOOTBALL,"('value', 'b')"
1056,NEED 4 SPEED MOST WANTED,"('value', 'a')"
1057,NEED FOR SPEED,"('value', 'j')"
1058,NEED FOR SPEED - MOST WANTED,"('value', 'a')"
1059,NEED FOR SPEED MOST WANTED,"('value', 'c')"
1060,NEED FOR SPEED PRO STREET,"('value', 'b')"
1061,NEED FOR SPEED UNDERGROUND 2,"('value', 'b')"
1062,NEED FOR SPEED: CARBON,"('value', 'a')"
1063,NEOPET THE DARKEST FAIRY,"('value', 'e')"
1064,NEOPETS,"('value', 'b')"
1065,NEVER WINTER NIGHTS,"('value', 'a')"
1066,NFL 2007,"('value', 'a')"
1067,NFL BLITZ,"('value', 'b')"
1068,NFL STREET 3,"('value', 'b')"
1069,NFL STREET FOOTBALL,"('value', 'a')"
1070,NFL STREET TWO,"('value', 'a')"
1071,NHL 08,"('value', 'c')"
1072,NHL 2006,"('value', 'b')"
1073,NHL 2008,"('value', 'e')"
1074,NINTENDOGS,"('value', 'a')"
1075,NO FAVORITE GAMES,"('value', 'b')"
1076,NO FAVORITES,"('value', 'b')"
1077,NO GAMES ARE FAVORITE,"('value', 'b')"
1078,NONE,"('value', 'b')"
1079,NT REALY,"('value', 'b')"
1080,OBLIVIAN,"('value', 'a')"
1081,OBLIVION,"('value', 'c')"
1082,OREGON TRAIL,"('value', 'b')"
1083,PAC MAN,"('value', 'a')"
1084,PACMAN,"('value', 'b')"
1085,PAINT BALL,"('value', 'b')"
1086,PAWN GAME,"('value', 'a')"
1087,PLAYSTATION,"('value', 'c')"
1088,POGO 21,"('value', 'b')"
1089,POKEMON,"('value', 'b')"
1090,POKEMON DIAMOND,"('value', 'a')"
1091,POKEMON DIAMOND OR PEARL,"('value', 'a')"
1092,POKER ONLINE,"('value', 'b')"
1093,POOL,"('value', 'a')"
1094,PRINCE OF PERSIA,"('value', 'a')"
1095,PRO EVOLUTION SOCCER 2007,"('value', 'g')"
1096,PROBALLY FOR YOUR DS ANIMAL CROSSING,"('value', 'b')"
1097,PRODJECT EIGHT,"('value', 'g')"
1098,PROSTREET,"('value', 'a')"
1099,PSYCHONAUTS,"('value', 'a')"
1100,PUZZLE GAMES,"('value', 'a')"
1101,PUZZLES,"('value', 'b')"
1102,RACE CAR GAME YOU CAN FIND ON THE INTERNET,"('value', 'c')"
1103,RACING,"('value', 'b')"
1104,RACING GAMES,"('value', 'b')"
1105,RAINBOW SIX,"('value', 'a')"
1106,RATATIOULLE,"('value', 'b')"
1107,RATCHET AND CLANK,"('value', 'c')"
1108,RATCHET AND CLANK; RUNESCAPE; MADDEN 07,"('value', 'c')"
1109,RAYMAN RAVING RABBIDS,"('value', 'c')"
1110,RESIDENT EVIL,"('value', 'c')"
1111,RESIDENT EVIL 4,"('value', 'c')"
1112,RESIDENT EVIL 4: MONSTER HUNTER,"('value', 'a')"
1113,RESIDENT EVIL 5,"('value', 'a')"
1114,ROCK BAND,"('value', 'c')"
1115,ROCK BAND; HALO 3; MADDEN,"('value', 'a')"
1116,ROCK STAR ROCK BAND,"('value', 'f')"
1117,ROLLER COASTER,"('value', 'a')"
1118,ROLLER COASTER TYCON,"('value', 'b')"
1119,ROLLER TYCOON,"('value', 'b')"
1120,ROLLERCOASTER TYCOON,"('value', 'b')"
1121,RUNESCAPE,"('value', 'a')"
1122,RUNESCAPE AND SPIRO,"('value', 'a')"
1123,RUNESCAPE.COM,"('value', 'a')"
1124,RUNESCPAE,"('value', 'a')"
1125,RUNESPACE,"('value', 'a')"
1126,SCARFACE,"('value', 'a')"
1127,SCRABBLE,"('value', 'b')"
1128,SECOND LIFE,"('value', 'a')"
1129,SIMS,"('value', 'b')"
1130,SIMS II,"('value', 'b')"
1131,SIMS; MARIO,"('value', 'a')"
1132,SKATE,"('value', 'c')"
1133,SMACK DOWN VS. RAW 2008,"('value', 'a')"
1134,SMACKDOWN 08,"('value', 'a')"
1135,SMACKDOWN VS RAW 08,"('value', 'a')"
1136,SNAKE ARENA,"('value', 'b')"
1137,SNOWBOARDING,"('value', 'b')"
1138,SODUKO,"('value', 'b')"
1139,SODUKU,"('value', 'b')"
1140,SOFTBALL,"('value', 'b')"
1141,SOITAIRE,"('value', 'b')"
1142,SOLIATIRE,"('value', 'b')"
1143,SOLITAIRE,"('value', 'b')"
1144,SOLITAIRE 2,"('value', 'b')"
1145,SOLITARE,"('value', 'b')"
1146,SOLO,"('value', 'b')"
1147,SOLTAIRE,"('value', 'a')"
1148,SONIC,"('value', 'b')"
1149,SOUL CALIBUR 2,"('value', 'c')"
1150,SOUL CALIBUR; GRAN TURISMO,"('value', 'a')"
1151,SPADES,"('value', 'a')"
1152,SPIDER,"('value', 'b')"
1153,SPIDER SOLITARE,"('value', 'b')"
1154,SPIDERMAN 3,"('value', 'a')"
1155,SPLINTER CELL,"('value', 'b')"
1156,SPONGEBOB,"('value', 'e')"
1157,SPORTS,"('value', 'b')"
1158,SPORTS (I.E.,"('value', 'b')"
1159,SPORTS GAMES,"('value', 'b')"
1160,SPORTS GAMES; GRAND THEFT AUTO; AND NFL,"('value', 'b')"
1161,SPYRO,"('value', 'b')"
1162,SSX 3,"('value', 'b')"
1163,SSX TRICKY,"('value', 'b')"
1164,STAR CRAFT,"('value', 'a')"
1165,STAR WARS,"('value', 'a')"
1166,STAR WARS BATTLEFRONT 1,"('value', 'a')"
1167,STAR WARS BATTLEFRONT 2,"('value', 'a')"
1168,STARCRAFT,"('value', 'a')"
1169,STARWARS: BATTLEFRONT 2,"('value', 'a')"
1170,STRATEGIC GAMES,"('value', 'c')"
1171,STRATEGY GAMES,"('value', 'a')"
1172,STRIKE,"('value', 'd')"
1173,STRONG HOLD CRUSADER,"('value', 'a')"
1174,STUFF ON POGO,"('value', 'b')"
1175,SUDOKU,"('value', 'b')"
1176,SUPER MAIO,"('value', 'a')"
1177,SUPER MARIO,"('value', 'b')"
1178,SUPER MARIO 3,"('value', 'b')"
1179,SUPER MARIO GALAXY,"('value', 'a')"
1180,SUPER MARIO GALAXY FOR THE WII,"('value', 'a')"
1181,SUPER MARIO WORLD,"('value', 'b')"
1182,SUPER SMASH BROS,"('value', 'a')"
1183,SUPER SMASH BROTHERS,"('value', 'a')"
1184,SUPER SMASH BROTHERS; NEO PETS.COM (VARIATION OF TETRIS) GADGADS GAME.,"('value', 'a')"
1185,SUPER STREET,"('value', 'f')"
1186,SUPERMARIO GALAXY,"('value', 'a')"
1187,TADS,"('value', 'b')"
1188,TAKEN 4,"('value', 'a')"
1189,TAONAGCHEE TOWN,"('value', 'b')"
1190,TDRISTEN CITY,"('value', 'c')"
1191,TEKKEN IV,"('value', 'a')"
1192,TENNIS,"('value', 'b')"
1193,TEST DRIVE: EVE OF DESTRUCTION,"('value', 'c')"
1194,TETRIS,"('value', 'b')"
1195,THAT'S SO RAVEN,"('value', 'b')"
1196,THE 'SIMS,"('value', 'f')"
1197,THE ITALIAN JOB,"('value', 'a')"
1198,THE SIMS,"('value', 'f')"
1199,THE SIMS 2,"('value', 'b')"
1200,THE SIMS CITY 4,"('value', 'b')"
1201,THE SIMS: CASTAWAY,"('value', 'b')"
1202,THE STRATEGY GAME,"('value', 'b')"
1203,TINY COMBAT 2,"('value', 'a')"
1204,TOMB RAIDER,"('value', 'a')"
1205,TOMY HAWK,"('value', 'b')"
1206,TONY HAWK,"('value', 'b')"
1207,TONY HAWK PROSKATER,"('value', 'c')"
1208,TONY HAWK PROVING GROUNDS,"('value', 'a')"
1209,TORTUGA,"('value', 'b')"
1210,TRANSFORMERS,"('value', 'a')"
1211,TROULBE,"('value', 'b')"
1212,TRUTH OR DARE,"('value', 'b')"
1213,TWISTER,"('value', 'b')"
1214,TYCOON,"('value', 'b')"
1215,TYCOON ZOO,"('value', 'a')"
1216,UNO,"('value', 'b')"
1217,UNSURE,"('value', 'b')"
1218,URBAN SNIPER 2,"('value', 'a')"
1219,VMK,"('value', 'b')"
1220,WAR ROCK,"('value', 'c')"
1221,WARCRAFT,"('value', 'a')"
1222,WARHAMMER ONLINE,"('value', 'a')"
1223,WARWIN,"('value', 'a')"
1224,WEB KING,"('value', 'b')"
1225,WEBINKZ,"('value', 'b')"
1226,WEBKINZ,"('value', 'b')"
1227,WHATEVER IS ON,"('value', 'a')"
1228,WHATEVER LOOKS COOL,"('value', 'b')"
1229,WHEEL OF FORTUNE,"('value', 'a')"
1230,WI SPORTS,"('value', 'b')"
1231,WII SPORTS,"('value', 'c')"
1232,WII...TENNIS GAME,"('value', 'b')"
1233,WORD GAMES LIKE SLIPWORDS,"('value', 'b')"
1234,WORD SEARCH,"('value', 'b')"
1235,WORLD OF WAR CRAFT,"('value', 'b')"
1236,WORLD OF WARCARFT,"('value', 'b')"
1237,WORLD OF WARCRAFT,"('value', 'c')"
1238,WRESTLING 08,"('value', 'a')"
1239,XMEN GAME,"('value', 'a')"
1240,YACHTZEE ,"('value', 'b')"
1241,ZELDA,"('value', 'i')"
1242,ZELDA: OCARINA OF TIME,"('value', 'a')"
1243,ZELDA: TWILIGHT PRINCESS,"('value', 'b')"
1244,ZOO TYCOON,"('value', 'a')"
1245,ZOO TYCOON. WEBKINS (INTERNET GAME). GUITAR HERO,"('value', 'b')"
1246,ZUMA,"('value', 'b')"
